126.0,0.0,1.0,321,[0.0005]
441.0,0.672417049251427,1.0,834,[0.0005]
315.0,1.0326763617917896,1.0,591,[0.0005]
252.0,1.0745086723707615,1.0,545,[0.0005]
441.0,1.6731678650230168,1.0,903,[0.0005]
252.0,1.3451167860031128,1.0,663,[0.0005]
189.0,1.2162725665807723,1.0,511,[0.0005]
378.0,1.4433012115240098,1.0,743,[0.0005]
357.0,1.5253442473769188,1.0,799,[0.0005]
441.0,1.529803768569231,1.0,759,[0.0005]
315.0,1.4704080849289893,0.9090909090909091,631,[0.0005]
294.0,1.8829175577938557,0.8333333333333334,823,[0.0005]
273.0,1.764754021883011,0.7692307692307692,767,[0.0005]
315.0,1.744523043459654,0.7142857142857143,703,[0.0005]
210.0,1.4018401526451112,0.6666666666666666,631,[0.0005]
147.0,1.0712890067011118,0.625,545,[0.0005]
126.0,0.7961690738469362,0.5882352941176471,430,[0.0005]
168.0,0.6849017703652381,0.5555555555555556,449,[0.0005]
252.0,1.1465794139578938,0.5263157894736842,800,[0.0005]
189.0,1.8698608971387147,0.5,1566,[0.0005]
315.0,1.6218509967923165,0.47619047619047616,1319,[0.0005]
294.0,1.0543664307340979,0.45454545454545453,737,[0.0005]
315.0,1.8198959240958095,0.4347826086956522,1143,[0.0005]
357.0,1.5549046122945844,0.4166666666666667,887,[0.0005]
420.0,2.3989121033906935,0.4,1282,[0.00032]
504.0,4.3194627904742955,0.3846153846153846,1911,[0.0004]
504.0,2.433766636893153,0.37037037037037035,963,[0.0004]
210.0,3.029292963388562,0.35714285714285715,1025,[0.0004]
126.0,1.3102074964314698,0.3448275862068966,449,[0.0004]
126.0,0.629935401058197,0.3333333333333333,289,[0.0004]
105.0,0.9564823463410139,0.3225806451612903,487,[0.0004]
189.0,0.7293273220047355,0.3125,575,[0.0004]
105.0,0.5423410899922252,0.30303030303030304,513,[0.0004]
441.0,1.7495421455055475,0.29411764705882354,2243,[0.0004]
336.0,1.501466012327373,0.2857142857142857,1121,[0.0004]
357.0,1.5427140673667192,0.2777777777777778,1026,[0.0004]
273.0,3.1583141770012677,0.27027027027027023,1703,[0.0004]
483.0,4.601124375070632,0.2631578947368421,2435,[0.0004]
189.0,2.8361450899407266,0.25641025641025644,1153,[0.0004]
231.0,1.9826499587267636,0.25,960,[0.0004]
378.0,2.816928501132131,0.24390243902439027,1410,[0.0004]
231.0,2.5330100878968835,0.23809523809523808,1281,[0.0004]
315.0,3.8626415861293673,0.23255813953488372,1984,[0.0004]
357.0,3.165169581668824,0.22727272727272727,1729,[0.0004]
294.0,2.749810217240453,0.2222222222222222,1344,[0.0004]
294.0,3.9994688160337506,0.2173913043478261,1921,[0.0004]
357.0,3.208670477197319,0.2127659574468085,1664,[0.0004]
420.0,5.309123811539263,0.20833333333333334,2531,[0.0004]
420.0,5.620110408639535,0.2040816326530612,2530,[0.0004]
63.0,1.1543153621375561,0.2,481,[0.00025600000000000004]
21.0,0.7204397355653346,0.19607843137254904,353,[0.00032]
441.0,4.71514093811661,0.1923076923076923,2754,[0.00032]
546.0,5.696963036651164,0.18867924528301888,3043,[0.00032]
441.0,4.688031828083471,0.18518518518518517,2339,[0.00032]
273.0,3.6625150928139685,0.18181818181818182,1760,[0.00032]
504.0,5.29988970477432,0.17857142857142858,2595,[0.00032]
336.0,4.66265874635838,0.17543859649122806,1697,[0.00032]
252.0,4.127095748610422,0.1724137931034483,1505,[0.00032]
357.0,4.091780177711323,0.1694915254237288,1792,[0.00032]
189.0,2.609979119354859,0.16666666666666666,1153,[0.00032]
210.0,3.747404157268256,0.1639344262295082,1729,[0.00032]
399.0,5.209614349520952,0.16129032258064516,2912,[0.00032]
210.0,5.278131204184517,0.15873015873015872,2881,[0.00032]
357.0,8.688935243443773,0.15625,5000,[0.00032]
189.0,1.704920374798402,0.15384615384615385,967,[0.00032]
252.0,1.7547811492044478,0.15151515151515152,959,[0.00032]
294.0,1.0174238170225174,0.14925373134328357,567,[0.00032]
651.0,4.878175020026788,0.14705882352941177,3077,[0.00032]
210.0,3.3172350884737445,0.14492753623188406,1409,[0.00032]
273.0,3.8919058135472238,0.14285714285714285,2049,[0.00032]
357.0,1.7736985216215253,0.14084507042253522,727,[0.00032]
231.0,1.5184301679372787,0.1388888888888889,646,[0.00032]
378.0,1.4156028754606842,0.136986301369863,662,[0.00032]
315.0,1.0672805803447962,0.13513513513513511,503,[0.00032]
441.0,1.3188688387803733,0.13333333333333333,647,[0.00020480000000000004]
378.0,1.2646603903323412,0.13157894736842105,567,[0.00025600000000000004]
378.0,1.5358194033384323,0.12987012987012986,662,[0.00025600000000000004]
336.0,1.365468726414442,0.12820512820512822,519,[0.00025600000000000004]
420.0,1.5631702281922102,0.12658227848101264,647,[0.00025600000000000004]
546.0,2.092416365468502,0.125,815,[0.00025600000000000004]
252.0,1.1756723853945732,0.1234567901234568,470,[0.00025600000000000004]
420.0,1.5897183885216712,0.12195121951219513,663,[0.00025600000000000004]
189.0,0.9681813298821449,0.12048192771084336,359,[0.00025600000000000004]
420.0,1.5116270026385785,0.11904761904761904,646,[0.00025600000000000004]
273.0,1.076430596113205,0.11764705882352941,480,[0.00025600000000000004]
357.0,0.9939296884059906,0.11627906976744186,487,[0.00025600000000000004]
420.0,1.1922732970297336,0.1149425287356322,583,[0.00025600000000000004]
588.0,1.4754203146219254,0.11363636363636363,679,[0.00025600000000000004]
420.0,1.5488962120771408,0.11235955056179775,503,[0.00025600000000000004]
378.0,1.5216382100343704,0.1111111111111111,566,[0.00025600000000000004]
441.0,1.956719364285469,0.10989010989010989,647,[0.00025600000000000004]
462.0,1.9860294249296189,0.10869565217391305,610,[0.00025600000000000004]
546.0,2.253741445016861,0.1075268817204301,759,[0.00025600000000000004]
336.0,1.6474042187690734,0.10638297872340426,519,[0.00025600000000000004]
399.0,2.133417950963974,0.10526315789473684,751,[0.00025600000000000004]
420.0,2.068942795562744,0.10416666666666667,710,[0.00025600000000000004]
399.0,1.6020705966711044,0.10309278350515465,543,[0.00025600000000000004]
420.0,1.8660509364962579,0.1020408163265306,695,[0.00025600000000000004]
504.0,1.8741239317774772,0.10101010101010101,726,[0.00025600000000000004]
252.0,1.3130956119179726,0.1,487,[0.00016384000000000006]
231.0,1.0393481559753417,0.09900990099009901,374,[0.00020480000000000004]
441.0,1.4247412375211717,0.09803921568627452,535,[0.00020480000000000004]
399.0,1.7541063419103622,0.0970873786407767,647,[0.00020480000000000004]
399.0,1.638167617893219,0.09615384615384615,615,[0.00020480000000000004]
462.0,1.5643542167544364,0.09523809523809523,695,[0.00020480000000000004]
462.0,1.702363750600815,0.09433962264150944,631,[0.00020480000000000004]
441.0,2.176467480623722,0.09345794392523366,711,[0.00020480000000000004]
567.0,2.1618377479314805,0.09259259259259259,727,[0.00020480000000000004]
420.0,2.024332545733452,0.09174311926605504,663,[0.00020480000000000004]
504.0,2.3626066488981246,0.09090909090909091,783,[0.00020480000000000004]
420.0,1.8160909957647324,0.0900900900900901,534,[0.00020480000000000004]
483.0,2.0013574280261994,0.08928571428571429,679,[0.00020480000000000004]
273.0,1.2003035384654999,0.08849557522123894,390,[0.00020480000000000004]
462.0,2.07785318171978,0.08771929824561403,710,[0.00020480000000000004]
462.0,1.86978724629879,0.08695652173913043,679,[0.00020480000000000004]
315.0,1.2990295634627342,0.08620689655172414,471,[0.00020480000000000004]
399.0,1.549849578511715,0.08547008547008547,535,[0.00020480000000000004]
441.0,1.3961625994443894,0.0847457627118644,579,[0.00020480000000000004]
357.0,1.7256735673427581,0.08403361344537814,615,[0.00020480000000000004]
462.0,1.4281944598197938,0.08333333333333333,582,[0.00020480000000000004]
252.0,0.9808997627019882,0.08264462809917356,385,[0.00020480000000000004]
336.0,1.3664962332725525,0.0819672131147541,599,[0.00020480000000000004]
252.0,1.1790024729013442,0.08130081300813008,487,[0.00020480000000000004]
462.0,1.4753233899354934,0.08064516129032258,695,[0.00020480000000000004]
252.0,0.8316098011016846,0.08,390,[0.00013107200000000006]
315.0,1.1092260357141495,0.07936507936507936,599,[0.00016384000000000006]
189.0,0.5633508251667023,0.07874015748031496,225,[0.00016384000000000006]
315.0,0.7401937569856644,0.078125,390,[0.00016384000000000006]
546.0,1.2857804379582405,0.07751937984496124,615,[0.00016384000000000006]
252.0,0.7997745669245719,0.07692307692307693,375,[0.00016384000000000006]
315.0,1.2115782103538513,0.07633587786259542,503,[0.00016384000000000006]
420.0,1.4751052336215973,0.07575757575757576,663,[0.00016384000000000006]
399.0,1.5905335819721222,0.07518796992481203,678,[0.00016384000000000006]
630.0,2.147806694483757,0.07462686567164178,807,[0.00016384000000000006]
462.0,1.7043509951353073,0.07407407407407407,678,[0.00016384000000000006]
315.0,1.3808838399410248,0.07352941176470588,422,[0.00016384000000000006]
483.0,1.8345614777445793,0.07299270072992702,662,[0.00016384000000000006]
504.0,2.0286565759897233,0.07246376811594203,679,[0.00016384000000000006]
399.0,2.0797833455085755,0.07194244604316546,646,[0.00016384000000000006]
357.0,1.7177402017891408,0.07142857142857142,511,[0.00016384000000000006]
483.0,1.8435361539959907,0.07092198581560284,662,[0.00016384000000000006]
168.0,0.8441996554374694,0.07042253521126761,230,[0.00016384000000000006]
399.0,1.4926472800135613,0.06993006993006992,545,[0.00016384000000000006]
168.0,0.8784952145338059,0.06944444444444445,358,[0.00016384000000000006]
399.0,1.281589636015892,0.06896551724137931,631,[0.00016384000000000006]
462.0,1.4413697299718857,0.0684931506849315,675,[0.00016384000000000006]
378.0,1.1872248004317283,0.06802721088435375,518,[0.00016384000000000006]
378.0,1.3632438949108123,0.06756756756756756,518,[0.00016384000000000006]
567.0,1.5702223920702933,0.06711409395973154,678,[0.00016384000000000006]
609.0,2.1160739008784293,0.06666666666666667,707,[0.00010485760000000006]
168.0,1.2119561708450317,0.06622516556291391,321,[0.00013107200000000006]
273.0,1.2025557608127595,0.06578947368421052,438,[0.00013107200000000006]
357.0,1.1939647372961044,0.06535947712418301,470,[0.00013107200000000006]
420.0,1.7074970426082612,0.06493506493506493,678,[0.00013107200000000006]
231.0,1.060449038350582,0.06451612903225806,487,[0.00013107200000000006]
441.0,1.134880762565136,0.06410256410256411,582,[0.00013107200000000006]
462.0,1.3650636922597885,0.06369426751592357,599,[0.00013107200000000006]
336.0,1.64531647503376,0.06329113924050632,614,[0.00013107200000000006]
378.0,1.485824372124672,0.06289308176100629,551,[0.00013107200000000006]
420.0,1.6977167407035827,0.0625,630,[0.00013107200000000006]
189.0,1.0177872131228447,0.06211180124223602,375,[0.00013107200000000006]
420.0,1.413327749311924,0.0617283950617284,535,[0.00013107200000000006]
483.0,1.5391732665657998,0.06134969325153374,642,[0.00013107200000000006]
441.0,1.661171532714367,0.06097560975609757,678,[0.00013107200000000006]
420.0,1.4133735158205032,0.06060606060606061,582,[0.00013107200000000006]
189.0,1.0173981978416442,0.06024096385542168,343,[0.00013107200000000006]
399.0,1.6531873280465603,0.059880239520958084,679,[0.00013107200000000006]
378.0,1.70099049025774,0.05952380952380952,647,[0.00013107200000000006]
420.0,1.3981294024467468,0.0591715976331361,663,[0.00013107200000000006]
399.0,1.2883955194711685,0.058823529411764705,550,[0.00013107200000000006]
378.0,1.5304115922808648,0.05847953216374269,615,[0.00013107200000000006]
483.0,1.8710821561217308,0.05813953488372093,799,[0.00013107200000000006]
357.0,1.4971016021490098,0.057803468208092484,502,[0.00013107200000000006]
294.0,1.6828365488111974,0.0574712643678161,615,[0.00013107200000000006]
399.0,1.6072391123592853,0.05714285714285714,607,[8.388608000000005e-05]
315.0,1.3489101712465286,0.056818181818181816,518,[0.00010485760000000006]
420.0,1.4058244816422463,0.05649717514124294,598,[0.00010485760000000006]
630.0,1.753981352186203,0.056179775280898875,743,[0.00010485760000000006]
441.0,1.516864448261261,0.0558659217877095,599,[0.00010485760000000006]
294.0,1.2950788704395295,0.05555555555555555,486,[0.00010485760000000006]
189.0,1.2640419593214989,0.055248618784530384,439,[0.00010485760000000006]
399.0,1.5957425864934922,0.054945054945054944,647,[0.00010485760000000006]
378.0,1.3898928547143936,0.0546448087431694,503,[0.00010485760000000006]
294.0,1.190579679608345,0.05434782608695653,502,[0.00010485760000000006]
273.0,1.0212897822022438,0.05405405405405406,471,[0.00010485760000000006]
462.0,1.2944768698692322,0.05376344086021505,647,[0.00010485760000000006]
525.0,1.4903705604076385,0.053475935828877004,611,[0.00010485760000000006]
315.0,1.1671388350248337,0.05319148936170213,480,[0.00010485760000000006]
378.0,1.3232723435878753,0.052910052910052914,519,[0.00010485760000000006]
399.0,1.6707421410918235,0.05263157894736842,631,[0.00010485760000000006]
399.0,1.431970276939869,0.05235602094240837,598,[0.00010485760000000006]
399.0,1.6623602557301522,0.052083333333333336,646,[0.00010485760000000006]
399.0,1.6270284179806709,0.05181347150259067,646,[0.00010485760000000006]
105.0,0.7242012760043144,0.051546391752577324,225,[0.00010485760000000006]
357.0,1.2240688948512077,0.05128205128205128,598,[0.00010485760000000006]
273.0,0.9298957561969757,0.0510204081632653,321,[0.00010485760000000006]
462.0,1.343941420352459,0.050761421319796954,663,[0.00010485760000000006]
399.0,1.4683938436269761,0.050505050505050504,663,[0.00010485760000000006]
399.0,1.5292499462604523,0.05025125628140704,767,[0.00010485760000000006]
399.0,1.4326608714342117,0.0495,575,[6.710886400000004e-05]
483.0,1.623445892250538,0.049005,678,[8.388608000000005e-05]
273.0,1.1008532546520233,0.04851495,374,[8.388608000000005e-05]
315.0,1.2452810556650162,0.0480298005,439,[8.388608000000005e-05]
441.0,1.7468350714325904,0.047549502495,679,[8.388608000000005e-05]
336.0,1.4202965813279151,0.04707400747005,583,[8.388608000000005e-05]
378.0,1.3754094444274902,0.0466032673953495,535,[8.388608000000005e-05]
399.0,1.5149987640142442,0.046137234721396005,615,[8.388608000000005e-05]
441.0,1.3426504932403565,0.045675862374182044,551,[8.388608000000005e-05]
378.0,1.7016229686141013,0.04521910375044022,615,[8.388608000000005e-05]
399.0,1.376990195643902,0.04476691271293582,576,[8.388608000000005e-05]
546.0,1.6651917608976363,0.04431924358580647,647,[8.388608000000005e-05]
294.0,1.0906342171669006,0.04387605114994839,391,[8.388608000000005e-05]
420.0,1.74401960927248,0.043437290638448915,614,[8.388608000000005e-05]
399.0,1.5283092215895653,0.043002917732064425,598,[8.388608000000005e-05]
462.0,1.5835043258190156,0.04257288855474378,567,[8.388608000000005e-05]
399.0,1.8368241384148598,0.04214715966919634,615,[8.388608000000005e-05]
210.0,0.9520734055161476,0.041725688072504374,375,[8.388608000000005e-05]
525.0,1.7246317317724227,0.041308431191779335,711,[8.388608000000005e-05]
420.0,1.7165791484475135,0.040895346879861544,615,[8.388608000000005e-05]
357.0,1.7086344131231308,0.04048639341106292,615,[8.388608000000005e-05]
420.0,1.4683893774867058,0.040081529476952295,566,[8.388608000000005e-05]
441.0,1.941976981627941,0.039680714182182775,711,[8.388608000000005e-05]
504.0,2.190817893886566,0.039283907040360944,726,[8.388608000000005e-05]
504.0,2.2130211686730386,0.03889106796995734,710,[8.388608000000005e-05]
378.0,1.9875557003498077,0.03850215729025776,614,[5.3687091200000036e-05]
525.0,1.9980377732515335,0.03811713571735518,643,[6.710886400000004e-05]
378.0,1.1584770813345908,0.03773596436018163,391,[6.710886400000004e-05]
462.0,1.629418393969536,0.037358604716579806,578,[6.710886400000004e-05]
399.0,1.9277163973450662,0.03698501866941401,663,[6.710886400000004e-05]
357.0,1.5360308812618255,0.036615168482719875,502,[6.710886400000004e-05]
546.0,1.8154769458532334,0.03624901679789267,675,[6.710886400000004e-05]
273.0,1.2560070449590683,0.03588652662991375,471,[6.710886400000004e-05]
525.0,1.7236133464097976,0.035527661363614606,695,[6.710886400000004e-05]
420.0,1.516398340511322,0.03517238474997846,567,[6.710886400000004e-05]
567.0,1.7164551830291748,0.03482066090247867,646,[6.710886400000004e-05]
483.0,1.9480492231607438,0.034472454293453886,610,[6.710886400000004e-05]
567.0,2.1988640528440477,0.03412772975051935,707,[6.710886400000004e-05]
441.0,2.1848613853096963,0.033786452453014156,679,[6.710886400000004e-05]
462.0,2.100563155555725,0.033448587928484014,642,[6.710886400000004e-05]
462.0,2.1992537234663962,0.03311410204919917,695,[6.710886400000004e-05]
357.0,2.1182426359653475,0.03278296102870718,607,[6.710886400000004e-05]
441.0,1.6799561244010925,0.03245513141842011,599,[6.710886400000004e-05]
252.0,1.7838470581293107,0.03213058010423591,631,[6.710886400000004e-05]
189.0,0.9593246504306793,0.031809274303193545,353,[6.710886400000004e-05]
357.0,1.2032222987413406,0.03149118156016161,513,[6.710886400000004e-05]
357.0,1.3371740956783296,0.03117626974456,631,[6.710886400000004e-05]
420.0,1.3895898719072342,0.0308645070471144,647,[6.710886400000004e-05]
462.0,1.3550854157328605,0.030555861976643253,663,[6.710886400000004e-05]
252.0,0.9951337348461151,0.03025030335687682,479,[6.710886400000004e-05]
357.0,1.643927450799942,0.02994780032330805,646,[4.2949672960000034e-05]
546.0,1.5598577216029168,0.02964832232007497,663,[5.3687091200000036e-05]
525.0,2.034471109819412,0.02935183909687422,710,[5.3687091200000036e-05]
462.0,1.8703652251124383,0.02905832070590548,694,[5.3687091200000036e-05]
399.0,1.6001462763786316,0.028767737498846424,513,[5.3687091200000036e-05]
441.0,2.0003681296229363,0.02848006012385796,646,[5.3687091200000036e-05]
420.0,2.3227093621373176,0.02819525952261938,711,[5.3687091200000036e-05]
189.0,0.8187883769989014,0.027913306927393185,289,[5.3687091200000036e-05]
357.0,1.2621903193712234,0.027634173858119254,438,[5.3687091200000036e-05]
189.0,1.1112884038329125,0.027357832119538062,417,[5.3687091200000036e-05]
567.0,1.657162724852562,0.02708425379834268,711,[5.3687091200000036e-05]
399.0,1.310457282602787,0.02681341126035925,513,[5.3687091200000036e-05]
378.0,1.2738805288553239,0.02654527714775566,513,[5.3687091200000036e-05]
336.0,1.3697481800079345,0.0262798243762781,503,[5.3687091200000036e-05]
189.0,1.2663361388206482,0.02601702613251532,535,[5.3687091200000036e-05]
378.0,1.5391550213575362,0.025756855871190167,608,[5.3687091200000036e-05]
420.0,1.508807166647911,0.025499287312478264,630,[5.3687091200000036e-05]
441.0,1.3339565976381302,0.025244294439353485,583,[5.3687091200000036e-05]
462.0,1.5566185254216194,0.024991851494959947,679,[5.3687091200000036e-05]
441.0,1.869821405684948,0.02474193298001035,702,[5.3687091200000036e-05]
588.0,2.1040274775266647,0.024494513650210246,710,[5.3687091200000036e-05]
357.0,1.703826750421524,0.024249568513708145,519,[5.3687091200000036e-05]
315.0,1.394951278090477,0.024007072828571063,449,[5.3687091200000036e-05]
336.0,1.3353792558431625,0.02376700210028535,480,[5.3687091200000036e-05]
315.0,1.7681662771701814,0.023529332079282497,647,[5.3687091200000036e-05]
462.0,1.384373270714283,0.02329403875848967,599,[3.435973836800003e-05]
357.0,1.3560082659721375,0.023061098370904774,519,[4.2949672960000034e-05]
420.0,1.5442994225025177,0.022830487387195727,647,[4.2949672960000034e-05]
378.0,1.589983779680729,0.02260218251332377,646,[4.2949672960000034e-05]
399.0,1.598337386918068,0.02237616068819053,631,[4.2949672960000034e-05]
462.0,1.3891322119116782,0.022152399081308626,567,[4.2949672960000034e-05]
189.0,1.1671366144657136,0.02193087509049554,417,[4.2949672960000034e-05]
483.0,1.3600228855371475,0.021711566339590583,551,[4.2949672960000034e-05]
420.0,1.285356237077713,0.02149445067619468,583,[4.2949672960000034e-05]
441.0,1.6526094804883003,0.021279506169432732,663,[4.2949672960000034e-05]
378.0,1.3643550510406495,0.021066711107738403,598,[4.2949672960000034e-05]
420.0,1.3172247083306312,0.02085604399666102,567,[4.2949672960000034e-05]
546.0,1.7259160628557204,0.020647483556694407,647,[4.2949672960000034e-05]
420.0,1.7806823665499687,0.020441008721127463,647,[4.2949672960000034e-05]
336.0,1.0435187362909317,0.020236598633916192,374,[4.2949672960000034e-05]
357.0,1.5440772618174552,0.02003423264757703,599,[4.2949672960000034e-05]
672.0,1.9335037993192672,0.019833890321101257,707,[4.2949672960000034e-05]
357.0,1.5987237312078475,0.019635551417890244,567,[4.2949672960000034e-05]
315.0,1.7360421122074128,0.01943919590371134,609,[4.2949672960000034e-05]
420.0,1.413411284995079,0.01924480394467423,551,[4.2949672960000034e-05]
420.0,1.516681179380417,0.019052355905227483,535,[4.2949672960000034e-05]
462.0,1.762236350250244,0.01886183234617521,695,[4.2949672960000034e-05]
504.0,1.5861958189725875,0.01867321402271346,611,[4.2949672960000034e-05]
651.0,1.8575578279733658,0.018486481882486323,740,[4.2949672960000034e-05]
399.0,1.7459793984651566,0.01830161706366146,567,[4.2949672960000034e-05]
189.0,1.080435854434967,0.018118600893024844,342,[2.7487790694400027e-05]
420.0,1.5793494509220123,0.0179374148840946,599,[3.435973836800003e-05]
462.0,1.7390223586082458,0.01775804073525365,679,[3.435973836800003e-05]
483.0,1.785040948688984,0.01758046032790111,663,[3.435973836800003e-05]
420.0,1.5856529935836792,0.0174046557246221,679,[3.435973836800003e-05]
567.0,1.7212971430182458,0.01723060916737588,694,[3.435973836800003e-05]
483.0,2.3506964591026307,0.017058303075702122,703,[3.435973836800003e-05]
420.0,2.0797723298072817,0.0168877200449451,647,[3.435973836800003e-05]
525.0,1.986414440870285,0.016718842844495648,695,[3.435973836800003e-05]
189.0,1.2283776559114457,0.016551654416050693,385,[3.435973836800003e-05]
399.0,1.5205038470983505,0.016386137871890187,583,[3.435973836800003e-05]
420.0,1.4575409646987916,0.016222276493171286,566,[3.435973836800003e-05]
336.0,1.7600740015268326,0.01606005372823957,631,[3.435973836800003e-05]
294.0,1.0623578197479249,0.015899453190957175,487,[3.435973836800003e-05]
420.0,1.4338063877820968,0.015740458659047604,615,[3.435973836800003e-05]
441.0,1.5873552839517593,0.015583054072457126,647,[3.435973836800003e-05]
441.0,1.6925209448575973,0.015427223531732554,663,[3.435973836800003e-05]
336.0,1.44222954890728,0.01527295129641523,550,[3.435973836800003e-05]
189.0,0.9221511374354362,0.015120221783451078,342,[3.435973836800003e-05]
546.0,1.7669437843203544,0.014969019565616566,739,[3.435973836800003e-05]
462.0,1.7555880692124366,0.0148193293699604,630,[3.435973836800003e-05]
378.0,1.7801333771109582,0.014671136076260798,630,[3.435973836800003e-05]
315.0,1.261222291600704,0.01452442471549819,417,[3.435973836800003e-05]
462.0,1.3668495016336442,0.014379180468343206,582,[3.435973836800003e-05]
546.0,1.8487860002040863,0.014235388663659775,695,[3.435973836800003e-05]
189.0,1.0129023922204972,0.014093034777023176,342,[2.1990232555520022e-05]
525.0,1.509592452287674,0.013952104429252944,631,[2.7487790694400027e-05]
420.0,1.645135579061508,0.013812583384960414,662,[2.7487790694400027e-05]
504.0,1.78956915153265,0.01367445755111081,679,[2.7487790694400027e-05]
315.0,1.3361813419818878,0.013537712975599704,486,[2.7487790694400027e-05]
399.0,1.3348359033703805,0.013402335845843705,598,[2.7487790694400027e-05]
252.0,1.5640226264953614,0.013268312487385268,503,[2.7487790694400027e-05]
504.0,1.6081843079805374,0.013135629362511414,678,[2.7487790694400027e-05]
546.0,1.9006662046670915,0.013004273068886303,759,[2.7487790694400027e-05]
315.0,1.4714892305970193,0.012874230338197437,551,[2.7487790694400027e-05]
399.0,1.4888830191373825,0.012745488034815464,503,[2.7487790694400027e-05]
357.0,1.4634319740533828,0.01261803315446731,519,[2.7487790694400027e-05]
336.0,1.5349143848419189,0.012491852822922636,545,[2.7487790694400027e-05]
294.0,1.6006844817876815,0.01236693429469341,614,[2.7487790694400027e-05]
315.0,1.272183518075943,0.012243264951746475,503,[2.7487790694400027e-05]
189.0,0.8201037363052368,0.01212083230222901,385,[2.7487790694400027e-05]
462.0,1.2301239968299866,0.01199962397920672,694,[2.7487790694400027e-05]
441.0,1.096137109541893,0.011879627739414651,567,[2.7487790694400027e-05]
609.0,1.700753483068943,0.011760831462020506,742,[2.7487790694400027e-05]
357.0,1.684357412314415,0.011643223147400301,647,[2.7487790694400027e-05]
441.0,1.6838031351566314,0.011526790915926297,615,[2.7487790694400027e-05]
357.0,1.4211101228237153,0.011411523006767035,438,[2.7487790694400027e-05]
399.0,1.634286693239212,0.011297407776699365,550,[2.7487790694400027e-05]
273.0,1.3334248412370682,0.011184433698932371,486,[2.7487790694400027e-05]
525.0,1.604328196978569,0.011072589361943046,695,[2.7487790694400027e-05]
441.0,1.779483811068535,0.010961863468323617,695,[1.7592186044416018e-05]
357.0,1.2671787320494652,0.01085224483364038,416,[2.1990232555520022e-05]
420.0,1.7437783742666244,0.010743722385303975,662,[2.1990232555520022e-05]
546.0,2.1517943966388704,0.010636285161450936,707,[2.1990232555520022e-05]
441.0,1.9666935789465905,0.010529922309836426,695,[2.1990232555520022e-05]
504.0,2.2244175156593324,0.010424623086738062,727,[2.1990232555520022e-05]
315.0,1.4609463324069978,0.01032037685587068,471,[2.1990232555520022e-05]
357.0,1.3285230234861374,0.010217173087311975,422,[2.1990232555520022e-05]
462.0,1.8028367540597916,0.010115001356438856,662,[2.1990232555520022e-05]
420.0,1.754424176311493,0.010013851342874466,630,[2.1990232555520022e-05]
504.0,1.7513345826506614,0.009913712829445722,631,[2.1990232555520022e-05]
504.0,1.6815619593620301,0.009814575701151265,642,[2.1990232555520022e-05]
336.0,1.4525784052133561,0.009716429944139751,480,[2.1990232555520022e-05]
399.0,1.952257101714611,0.009619265644698354,615,[2.1990232555520022e-05]
483.0,2.162565381538868,0.00952307298825137,743,[2.1990232555520022e-05]
483.0,1.883871395456791,0.009427842258368856,674,[2.1990232555520022e-05]
399.0,1.9302773500800132,0.009333563835785168,639,[2.1990232555520022e-05]
189.0,0.976323216331005,0.009240228197427315,353,[2.1990232555520022e-05]
609.0,1.9407830230593681,0.009147825915453043,775,[2.1990232555520022e-05]
441.0,2.004372800338268,0.009056347656298513,710,[2.1990232555520022e-05]
231.0,1.7599738652944565,0.008965784179735528,615,[2.1990232555520022e-05]
399.0,1.3427726959824562,0.008876126337938172,518,[2.1990232555520022e-05]
399.0,1.6706807886481285,0.00878736507455879,646,[2.1990232555520022e-05]
420.0,1.90967395632267,0.008699491423813202,615,[2.1990232555520022e-05]
567.0,1.732232723879814,0.00861249650957507,694,[2.1990232555520022e-05]
504.0,1.6398899001955987,0.008526371544479319,599,[1.4073748835532815e-05]
189.0,1.1148824346542359,0.008441107829034525,358,[1.7592186044416018e-05]
441.0,1.5527963184952736,0.00835669675074418,518,[1.7592186044416018e-05]
252.0,1.2805222398757934,0.008273129783236738,471,[1.7592186044416018e-05]
441.0,1.2784615265369415,0.008190398485404371,598,[1.7592186044416018e-05]
420.0,1.4932311864614487,0.008108494500550328,663,[1.7592186044416018e-05]
315.0,1.2523655514478684,0.008027409555544823,544,[1.7592186044416018e-05]
294.0,0.9781215424180031,0.007947135459989376,391,[1.7592186044416018e-05]
336.0,1.2733755539298057,0.007867664105389482,583,[1.7592186044416018e-05]
546.0,1.5756383194565773,0.007788987464335587,679,[1.7592186044416018e-05]
189.0,0.9618261891365051,0.00771109758969223,353,[1.7592186044416018e-05]
273.0,0.9852728874325752,0.007633986613795309,487,[1.7592186044416018e-05]
294.0,0.9926403570532799,0.007557646747657356,471,[1.7592186044416018e-05]
441.0,1.4753623034715653,0.007482070280180782,643,[1.7592186044416018e-05]
210.0,0.9449339460253715,0.007407249577378973,353,[1.7592186044416018e-05]
567.0,1.2021889026761055,0.007333177081605184,678,[1.7592186044416018e-05]
378.0,1.3350316601276397,0.007259845310789131,519,[1.7592186044416018e-05]
399.0,1.5352846321344376,0.00718724685768124,614,[1.7592186044416018e-05]
399.0,1.854643926358223,0.007115374389104429,614,[1.7592186044416018e-05]
336.0,1.5051362932682038,0.007044220645213384,519,[1.7592186044416018e-05]
462.0,1.5140314534783363,0.0069737784387612495,551,[1.7592186044416018e-05]
546.0,1.5809509181022645,0.006904040654373638,622,[1.7592186044416018e-05]
189.0,1.0318391519784926,0.006835000247829901,358,[1.7592186044416018e-05]
525.0,1.4126560262918473,0.006766650245351603,663,[1.7592186044416018e-05]
252.0,1.2232834071397782,0.006698983742898086,417,[1.7592186044416018e-05]
357.0,1.3479012922048568,0.006631993905469105,599,[1.1258999068426253e-05]
399.0,1.554686973285675,0.006565673966414414,735,[1.4073748835532815e-05]
462.0,1.4746341573357582,0.00650001722675027,643,[1.4073748835532815e-05]
273.0,1.7197916425585746,0.006435017054482767,646,[1.4073748835532815e-05]
189.0,0.792002542757988,0.00637066688393794,342,[1.4073748835532815e-05]
189.0,1.254994319152832,0.006306960215098559,550,[1.4073748835532815e-05]
504.0,1.309775733411312,0.006243890612947574,643,[1.4073748835532815e-05]
525.0,1.4558746064901351,0.006181451706818098,695,[1.4073748835532815e-05]
231.0,0.8876000005960465,0.006119637189749918,374,[1.4073748835532815e-05]
504.0,1.445093109881878,0.006058440817852418,679,[1.4073748835532815e-05]
525.0,1.6728685561060905,0.005997856409673894,675,[1.4073748835532815e-05]
441.0,1.8537253491163255,0.0059378778455771546,679,[1.4073748835532815e-05]
609.0,1.8669830297231673,0.005878499067121384,695,[1.4073748835532815e-05]
420.0,1.8987477273225783,0.005819714076450169,647,[1.4073748835532815e-05]
420.0,1.952118197965622,0.005761516935685667,675,[1.4073748835532815e-05]
231.0,1.0942758999109268,0.00570390176632881,358,[1.4073748835532815e-05]
336.0,1.5080772912263871,0.005646862748665523,535,[1.4073748835532815e-05]
378.0,1.469561480474472,0.0055903941211788676,598,[1.4073748835532815e-05]
441.0,1.3836730321407318,0.005534490179967079,599,[1.4073748835532815e-05]
420.0,1.5687691639780998,0.005479145278167408,662,[1.4073748835532815e-05]
588.0,1.7453292868614196,0.0054243538253857335,726,[1.4073748835532815e-05]
399.0,1.7819797680735587,0.005370110287131876,647,[1.4073748835532815e-05]
147.0,0.7967682538986206,0.005316409184260558,263,[1.4073748835532815e-05]
462.0,1.535540206027031,0.0052632450924179515,630,[1.4073748835532815e-05]
315.0,1.3979673740148544,0.005210612641493772,599,[1.4073748835532815e-05]
399.0,1.3496442712783814,0.005158506515078835,551,[9.007199254741003e-06]
399.0,1.4578746605873107,0.005106921449928047,646,[1.1258999068426253e-05]
441.0,1.5288476086497307,0.005055852235428766,647,[1.1258999068426253e-05]
441.0,1.7404506216168403,0.005005293713074478,662,[1.1258999068426253e-05]
462.0,1.4732460699200631,0.004955240775943733,583,[1.1258999068426253e-05]
231.0,1.037209801876545,0.004905688368184296,374,[1.1258999068426253e-05]
525.0,1.6024347330331803,0.004856631484502452,679,[1.1258999068426253e-05]
378.0,1.7102923238754273,0.004808065169657428,631,[1.1258999068426253e-05]
462.0,1.7902141033411025,0.004759984517960854,643,[1.1258999068426253e-05]
462.0,1.704590648317337,0.004712384672781246,662,[1.1258999068426253e-05]
420.0,1.507829717874527,0.004665260826053433,551,[1.1258999068426253e-05]
399.0,1.5959297629356384,0.004618608217792898,519,[1.1258999068426253e-05]
525.0,1.7778072942972183,0.004572422135614969,647,[1.1258999068426253e-05]
189.0,1.1084270050525666,0.00452669791425882,342,[1.1258999068426253e-05]
399.0,1.771314462995529,0.004481430935116232,615,[1.1258999068426253e-05]
420.0,1.6193864079236984,0.004436616625765069,647,[1.1258999068426253e-05]
399.0,1.6317587975978851,0.004392250459507418,631,[1.1258999068426253e-05]
399.0,1.6842442972898484,0.004348327954912344,647,[1.1258999068426253e-05]
399.0,1.5082043817281723,0.004304844675363221,679,[1.1258999068426253e-05]
567.0,1.8897735237836837,0.004261796228609588,711,[1.1258999068426253e-05]
399.0,1.7735200964570046,0.004219178266323492,647,[1.1258999068426253e-05]
504.0,1.7897066431999207,0.004176986483660257,663,[1.1258999068426253e-05]
399.0,1.571597594499588,0.004135216618823655,598,[1.1258999068426253e-05]
462.0,1.566781865799427,0.004093864452635418,551,[1.1258999068426253e-05]
462.0,1.8335887820124626,0.004052925808109064,663,[1.1258999068426253e-05]
504.0,1.7250979818940162,0.004012396550027973,679,[7.205759403792802e-06]
378.0,1.5838309114456177,0.003972272584527693,518,[9.007199254741003e-06]
462.0,1.7414645611166955,0.003932549858682416,679,[9.007199254741003e-06]
420.0,1.85640799472332,0.0038932243600955925,695,[9.007199254741003e-06]
567.0,2.0565546193242072,0.0038542921164946365,710,[9.007199254741003e-06]
399.0,1.954111856484413,0.00381574919532969,631,[9.007199254741003e-06]
378.0,1.5808540021896362,0.003777591703376393,502,[9.007199254741003e-06]
231.0,1.333678457570076,0.003739815786342629,439,[9.007199254741003e-06]
357.0,1.293551982343197,0.003702417628479203,481,[9.007199254741003e-06]
315.0,1.4035626480579375,0.0036653934521944107,519,[9.007199254741003e-06]
378.0,1.0161844650983811,0.0036287395176724663,454,[9.007199254741003e-06]
462.0,1.1767299350738525,0.0035924521224957417,598,[9.007199254741003e-06]
588.0,1.6413062551379203,0.0035565276012707843,707,[9.007199254741003e-06]
378.0,1.4379575123906136,0.0035209623252580764,551,[9.007199254741003e-06]
441.0,1.7578920976996422,0.0034857527020054958,611,[9.007199254741003e-06]
420.0,2.0696597016334533,0.0034508951749854405,711,[9.007199254741003e-06]
399.0,1.8475859362006188,0.0034163862232355863,615,[9.007199254741003e-06]
420.0,1.748587699341774,0.00338222236100323,610,[9.007199254741003e-06]
441.0,1.675604909336567,0.0033484001373931985,663,[9.007199254741003e-06]
546.0,1.72546616294384,0.003314916136019266,695,[9.007199254741003e-06]
231.0,1.0639411259174347,0.0032817669746590737,358,[9.007199254741003e-06]
357.0,1.7377423202633857,0.0032489493049124825,631,[9.007199254741003e-06]
420.0,1.6255357285380363,0.003216459811863358,646,[9.007199254741003e-06]
462.0,2.042658260679245,0.0031842952137447244,742,[9.007199254741003e-06]
231.0,1.0284165004968644,0.003152452261607277,390,[9.007199254741003e-06]
168.0,0.6206969930648804,0.003120927738991204,257,[5.764607523034242e-06]
378.0,1.2368490858197212,0.003089718461601292,599,[7.205759403792802e-06]
441.0,1.556483512377739,0.003058821276985279,614,[7.205759403792802e-06]
399.0,1.5400228448629378,0.0030282330642154263,631,[7.205759403792802e-06]
609.0,1.542182011604309,0.002997950733573272,695,[7.205759403792802e-06]
420.0,1.408242061829567,0.0029679712262375394,551,[7.205759403792802e-06]
189.0,1.3181685906648637,0.0029382915139751636,455,[7.205759403792802e-06]
462.0,1.6419947844624518,0.0029089085988354122,647,[7.205759403792802e-06]
189.0,1.2814660767555237,0.0028798195128470583,550,[7.205759403792802e-06]
273.0,1.5049459117412567,0.0028510213177185876,631,[7.205759403792802e-06]
441.0,1.2957876267433166,0.0028225111045414013,679,[7.205759403792802e-06]
441.0,1.1715851991534234,0.0027942859934959874,550,[7.205759403792802e-06]
399.0,1.2279901549100876,0.002766343133561028,598,[7.205759403792802e-06]
294.0,1.2605314538478851,0.0027386797022254175,599,[7.205759403792802e-06]
399.0,1.422599155652523,0.002711292905203163,502,[7.205759403792802e-06]
483.0,1.6775465005397796,0.002684179976151132,679,[7.205759403792802e-06]
315.0,1.2131707112550736,0.0026573381763896203,422,[7.205759403792802e-06]
315.0,1.3789209093809127,0.002630764794625724,513,[7.205759403792802e-06]
483.0,1.5738872881174089,0.0026044571466794664,647,[7.205759403792802e-06]
315.0,1.6807870533943177,0.002578412575212672,609,[7.205759403792802e-06]
294.0,1.1635529304265977,0.002552628449460545,417,[7.205759403792802e-06]
525.0,1.4243078657388688,0.00252710216496594,695,[7.205759403792802e-06]
273.0,1.2878206624269486,0.0025018311433162802,599,[7.205759403792802e-06]
504.0,1.836339027750492,0.0024768128318831176,727,[7.205759403792802e-06]
